<?xml version="1.0" encoding="ISO-8859-1" standalone="yes"?>
<nite:root nite:id="TS3008c.D.segs" xmlns:nite="http://nite.sourceforge.net/">
   <segment nite:id="TS3008c.sync.1,097" channel="3" transcriber_start="161.462" transcriber_end="161.798">
      <nite:child href="TS3008c.D.words.xml#id(TS3008c.D.words0)"/>
   </segment>
   <segment nite:id="TS3008c.sync.1,099" channel="3" transcriber_start="163.99" transcriber_end="164.742">
      <nite:child href="TS3008c.D.words.xml#id(TS3008c.D.words1)..id(TS3008c.D.words2)"/>
   </segment>
   <segment nite:id="TS3008c.sync.1,101" channel="3" transcriber_start="169.062" transcriber_end="171.021">
      <nite:child href="TS3008c.D.words.xml#id(TS3008c.D.words3)"/>
   </segment>
   <segment nite:id="TS3008c.sync.1,103" channel="3" transcriber_start="171.967" transcriber_end="173.09">
      <nite:child href="TS3008c.D.words.xml#id(TS3008c.D.words4)..id(TS3008c.D.words8)"/>
   </segment>
   <segment nite:id="TS3008c.sync.1,105" channel="3" transcriber_start="177.574" transcriber_end="178.438">
      <nite:child href="TS3008c.D.words.xml#id(TS3008c.D.words9)..id(TS3008c.D.words10)"/>
   </segment>
   <segment nite:id="TS3008c.sync.1,107" channel="3" transcriber_start="230.742" transcriber_end="231.264">
      <nite:child href="TS3008c.D.words.xml#id(TS3008c.D.words11)"/>
   </segment>
   <segment nite:id="TS3008c.sync.1,109" channel="3" transcriber_start="339.953" transcriber_end="343.754">
      <nite:child href="TS3008c.D.words.xml#id(TS3008c.D.words12)..id(TS3008c.D.words13)"/>
   </segment>
   <segment nite:id="TS3008c.sync.1,111" channel="3" transcriber_start="365.622" transcriber_end="367.11">
      <nite:child href="TS3008c.D.words.xml#id(TS3008c.D.words14)..id(TS3008c.D.words21)"/>
   </segment>
   <segment nite:id="TS3008c.sync.1,113" channel="3" transcriber_start="370.534" transcriber_end="371.014">
      <nite:child href="TS3008c.D.words.xml#id(TS3008c.D.words22)"/>
   </segment>
   <segment nite:id="TS3008c.sync.1,115" channel="3" transcriber_start="372.87" transcriber_end="373.158">
      <nite:child href="TS3008c.D.words.xml#id(TS3008c.D.words23)..id(TS3008c.D.words24)"/>
   </segment>
   <segment nite:id="TS3008c.sync.1,117" channel="3" transcriber_start="459.231" transcriber_end="459.574">
      <nite:child href="TS3008c.D.words.xml#id(TS3008c.D.words25)..id(TS3008c.D.words26)"/>
   </segment>
   <segment nite:id="TS3008c.sync.1,119" channel="3" transcriber_start="479.877" transcriber_end="480.694">
      <nite:child href="TS3008c.D.words.xml#id(TS3008c.D.words27)"/>
   </segment>
   <segment nite:id="TS3008c.sync.1,121" channel="3" transcriber_start="486.111" transcriber_end="486.595">
      <nite:child href="TS3008c.D.words.xml#id(TS3008c.D.words28)..id(TS3008c.D.words29)"/>
   </segment>
   <segment nite:id="TS3008c.sync.1,123" channel="3" transcriber_start="496.583" transcriber_end="497.83">
      <nite:child href="TS3008c.D.words.xml#id(TS3008c.D.words30)"/>
   </segment>
   <segment nite:id="TS3008c.sync.1,125" channel="3" transcriber_start="525.478" transcriber_end="527.766">
      <nite:child href="TS3008c.D.words.xml#id(TS3008c.D.words31)..id(TS3008c.D.words42)"/>
   </segment>
   <segment nite:id="TS3008c.sync.1,127" channel="3" transcriber_start="529.017" transcriber_end="529.724">
      <nite:child href="TS3008c.D.words.xml#id(TS3008c.D.words43)"/>
   </segment>
   <segment nite:id="TS3008c.sync.1,129" channel="3" transcriber_start="530.481" transcriber_end="531.57">
      <nite:child href="TS3008c.D.words.xml#id(TS3008c.D.words44)..id(TS3008c.D.words46)"/>
   </segment>
   <segment nite:id="TS3008c.sync.1,131" channel="3" transcriber_start="535.27" transcriber_end="536.486">
      <nite:child href="TS3008c.D.words.xml#id(TS3008c.D.words47)..id(TS3008c.D.words50)"/>
   </segment>
   <segment nite:id="TS3008c.sync.1,133" channel="3" transcriber_start="540.262" transcriber_end="541.069">
      <nite:child href="TS3008c.D.words.xml#id(TS3008c.D.words51)..id(TS3008c.D.words52)"/>
   </segment>
   <segment nite:id="TS3008c.sync.1,135" channel="3" transcriber_start="543.357" transcriber_end="546.214">
      <nite:child href="TS3008c.D.words.xml#id(TS3008c.D.words53)..id(TS3008c.D.words58)"/>
   </segment>
   <segment nite:id="TS3008c.sync.1,137" channel="3" transcriber_start="556.503" transcriber_end="557.211">
      <nite:child href="TS3008c.D.words.xml#id(TS3008c.D.words59)"/>
   </segment>
   <segment nite:id="TS3008c.sync.1,139" channel="3" transcriber_start="563.248" transcriber_end="564.105">
      <nite:child href="TS3008c.D.words.xml#id(TS3008c.D.words60)"/>
   </segment>
   <segment nite:id="TS3008c.sync.1,141" channel="3" transcriber_start="567.236" transcriber_end="567.981">
      <nite:child href="TS3008c.D.words.xml#id(TS3008c.D.words61)"/>
   </segment>
   <segment nite:id="TS3008c.sync.1,143" channel="3" transcriber_start="655.456" transcriber_end="656.165">
      <nite:child href="TS3008c.D.words.xml#id(TS3008c.D.words62)..id(TS3008c.D.words64)"/>
   </segment>
   <segment nite:id="TS3008c.sync.1,145" channel="3" transcriber_start="663.794" transcriber_end="670.722">
      <nite:child href="TS3008c.D.words.xml#id(TS3008c.D.words65)..id(TS3008c.D.words82)"/>
   </segment>
   <segment nite:id="TS3008c.sync.1,147" channel="3" transcriber_start="674.277" transcriber_end="674.886">
      <nite:child href="TS3008c.D.words.xml#id(TS3008c.D.words83)"/>
   </segment>
   <segment nite:id="TS3008c.sync.1,149" channel="3" transcriber_start="681.367" transcriber_end="681.808">
      <nite:child href="TS3008c.D.words.xml#id(TS3008c.D.words84)..id(TS3008c.D.words85)"/>
   </segment>
   <segment nite:id="TS3008c.sync.1,151" channel="3" transcriber_start="694.042" transcriber_end="696.089">
      <nite:child href="TS3008c.D.words.xml#id(TS3008c.D.words86)..id(TS3008c.D.words91)"/>
   </segment>
   <segment nite:id="TS3008c.sync.1,153" channel="3" transcriber_start="724.609" transcriber_end="726.182">
      <nite:child href="TS3008c.D.words.xml#id(TS3008c.D.words92)..id(TS3008c.D.words99)"/>
   </segment>
   <segment nite:id="TS3008c.sync.1,155" channel="3" transcriber_start="732.581" transcriber_end="739.75">
      <nite:child href="TS3008c.D.words.xml#id(TS3008c.D.words100)..id(TS3008c.D.words123)"/>
   </segment>
   <segment nite:id="TS3008c.sync.1,157" channel="3" transcriber_start="742.501" transcriber_end="744.164">
      <nite:child href="TS3008c.D.words.xml#id(TS3008c.D.words124)"/>
   </segment>
   <segment nite:id="TS3008c.sync.1,159" channel="3" transcriber_start="750.934" transcriber_end="751.79">
      <nite:child href="TS3008c.D.words.xml#id(TS3008c.D.words125)"/>
   </segment>
   <segment nite:id="TS3008c.sync.1,161" channel="3" transcriber_start="753.977" transcriber_end="754.833">
      <nite:child href="TS3008c.D.words.xml#id(TS3008c.D.words126)..id(TS3008c.D.words130)"/>
   </segment>
   <segment nite:id="TS3008c.sync.1,163" channel="3" transcriber_start="758.577" transcriber_end="759.034">
      <nite:child href="TS3008c.D.words.xml#id(TS3008c.D.words131)..id(TS3008c.D.words132)"/>
   </segment>
   <segment nite:id="TS3008c.sync.1,165" channel="3" transcriber_start="777.528" transcriber_end="777.936">
      <nite:child href="TS3008c.D.words.xml#id(TS3008c.D.words133)..id(TS3008c.D.words134)"/>
   </segment>
   <segment nite:id="TS3008c.sync.1,167" channel="3" transcriber_start="782.95" transcriber_end="784.562">
      <nite:child href="TS3008c.D.words.xml#id(TS3008c.D.words135)..id(TS3008c.D.words140)"/>
   </segment>
   <segment nite:id="TS3008c.sync.1,169" channel="3" transcriber_start="795.286" transcriber_end="795.638">
      <nite:child href="TS3008c.D.words.xml#id(TS3008c.D.words141)..id(TS3008c.D.words142)"/>
   </segment>
   <segment nite:id="TS3008c.sync.1,171" channel="3" transcriber_start="800.965" transcriber_end="807.403">
      <nite:child href="TS3008c.D.words.xml#id(TS3008c.D.words143)..id(TS3008c.D.words160)"/>
   </segment>
   <segment nite:id="TS3008c.sync.1,173" channel="3" transcriber_start="808.545" transcriber_end="808.952">
      <nite:child href="TS3008c.D.words.xml#id(TS3008c.D.words161)..id(TS3008c.D.words162)"/>
   </segment>
   <segment nite:id="TS3008c.sync.1,175" channel="3" transcriber_start="810.717" transcriber_end="813.078">
      <nite:child href="TS3008c.D.words.xml#id(TS3008c.D.words163)..id(TS3008c.D.words167)"/>
   </segment>
   <segment nite:id="TS3008c.sync.1,177" channel="3" transcriber_start="822.773" transcriber_end="823.671">
      <nite:child href="TS3008c.D.words.xml#id(TS3008c.D.words168)"/>
   </segment>
   <segment nite:id="TS3008c.sync.1,179" channel="3" transcriber_start="824.801" transcriber_end="827.517">
      <nite:child href="TS3008c.D.words.xml#id(TS3008c.D.words169)..id(TS3008c.D.words178)"/>
   </segment>
   <segment nite:id="TS3008c.sync.1,181" channel="3" transcriber_start="829.606" transcriber_end="830.313">
      <nite:child href="TS3008c.D.words.xml#id(TS3008c.D.words179)..id(TS3008c.D.words180)"/>
   </segment>
   <segment nite:id="TS3008c.sync.1,183" channel="3" transcriber_start="834.825" transcriber_end="835.174">
      <nite:child href="TS3008c.D.words.xml#id(TS3008c.D.words181)..id(TS3008c.D.words182)"/>
   </segment>
   <segment nite:id="TS3008c.sync.1,185" channel="3" transcriber_start="836.198" transcriber_end="836.806">
      <nite:child href="TS3008c.D.words.xml#id(TS3008c.D.words183)..id(TS3008c.D.words185)"/>
   </segment>
   <segment nite:id="TS3008c.sync.1,187" channel="3" transcriber_start="846.438" transcriber_end="847.149">
      <nite:child href="TS3008c.D.words.xml#id(TS3008c.D.words186)..id(TS3008c.D.words188)"/>
   </segment>
   <segment nite:id="TS3008c.sync.1,189" channel="3" transcriber_start="851.75" transcriber_end="852.118">
      <nite:child href="TS3008c.D.words.xml#id(TS3008c.D.words189)..id(TS3008c.D.words190)"/>
   </segment>
   <segment nite:id="TS3008c.sync.1,191" channel="3" transcriber_start="853.854" transcriber_end="854.646">
      <nite:child href="TS3008c.D.words.xml#id(TS3008c.D.words191)..id(TS3008c.D.words194)"/>
   </segment>
   <segment nite:id="TS3008c.sync.1,193" channel="3" transcriber_start="856.55" transcriber_end="860.95">
      <nite:child href="TS3008c.D.words.xml#id(TS3008c.D.words195)..id(TS3008c.D.words207)"/>
   </segment>
   <segment nite:id="TS3008c.sync.1,195" channel="3" transcriber_start="862.791" transcriber_end="868.071">
      <nite:child href="TS3008c.D.words.xml#id(TS3008c.D.words208)..id(TS3008c.D.words216)"/>
   </segment>
   <segment nite:id="TS3008c.sync.1,197" channel="3" transcriber_start="869.222" transcriber_end="875.206">
      <nite:child href="TS3008c.D.words.xml#id(TS3008c.D.words217)..id(TS3008c.D.words230)"/>
   </segment>
   <segment nite:id="TS3008c.sync.1,199" channel="3" transcriber_start="876.918" transcriber_end="915.398">
      <nite:child href="TS3008c.D.words.xml#id(TS3008c.D.words231)..id(TS3008c.D.words348)"/>
   </segment>
   <segment nite:id="TS3008c.sync.1,201" channel="3" transcriber_start="916.47" transcriber_end="942.14">
      <nite:child href="TS3008c.D.words.xml#id(TS3008c.D.words349)..id(TS3008c.D.words411)"/>
   </segment>
   <segment nite:id="TS3008c.sync.1,203" channel="3" transcriber_start="944.637" transcriber_end="952.646">
      <nite:child href="TS3008c.D.words.xml#id(TS3008c.D.words412)..id(TS3008c.D.words432)"/>
   </segment>
   <segment nite:id="TS3008c.sync.1,205" channel="3" transcriber_start="954.017" transcriber_end="982.95">
      <nite:child href="TS3008c.D.words.xml#id(TS3008c.D.words433)..id(TS3008c.D.words519)"/>
   </segment>
   <segment nite:id="TS3008c.sync.1,207" channel="3" transcriber_start="984.166" transcriber_end="1001.686">
      <nite:child href="TS3008c.D.words.xml#id(TS3008c.D.words520)..id(TS3008c.D.words580)"/>
   </segment>
   <segment nite:id="TS3008c.sync.1,209" channel="3" transcriber_start="1003.689" transcriber_end="1022.646">
      <nite:child href="TS3008c.D.words.xml#id(TS3008c.D.words581)..id(TS3008c.D.words647)"/>
   </segment>
   <segment nite:id="TS3008c.sync.1,211" channel="3" transcriber_start="1029.644" transcriber_end="1031.349">
      <nite:child href="TS3008c.D.words.xml#id(TS3008c.D.words648)..id(TS3008c.D.words653)"/>
   </segment>
   <segment nite:id="TS3008c.sync.1,213" channel="3" transcriber_start="1033.581" transcriber_end="1051.669">
      <nite:child href="TS3008c.D.words.xml#id(TS3008c.D.words654)..id(TS3008c.D.words706)"/>
   </segment>
   <segment nite:id="TS3008c.sync.1,215" channel="3" transcriber_start="1055.67" transcriber_end="1056.706">
      <nite:child href="TS3008c.D.words.xml#id(TS3008c.D.words707)..id(TS3008c.D.words712)"/>
   </segment>
   <segment nite:id="TS3008c.sync.1,217" channel="3" transcriber_start="1061.65" transcriber_end="1062.805">
      <nite:child href="TS3008c.D.words.xml#id(TS3008c.D.words713)..id(TS3008c.D.words714)"/>
   </segment>
   <segment nite:id="TS3008c.sync.1,219" channel="3" transcriber_start="1065.926" transcriber_end="1067.527">
      <nite:child href="TS3008c.D.words.xml#id(TS3008c.D.words715)..id(TS3008c.D.words722)"/>
   </segment>
   <segment nite:id="TS3008c.sync.1,221" channel="3" transcriber_start="1068.86" transcriber_end="1070.706">
      <nite:child href="TS3008c.D.words.xml#id(TS3008c.D.words723)..id(TS3008c.D.words730)"/>
   </segment>
   <segment nite:id="TS3008c.sync.1,223" channel="3" transcriber_start="1073.036" transcriber_end="1078.1">
      <nite:child href="TS3008c.D.words.xml#id(TS3008c.D.words731)..id(TS3008c.D.words748)"/>
   </segment>
   <segment nite:id="TS3008c.sync.1,225" channel="3" transcriber_start="1079.098" transcriber_end="1079.613">
      <nite:child href="TS3008c.D.words.xml#id(TS3008c.D.words749)..id(TS3008c.D.words750)"/>
   </segment>
   <segment nite:id="TS3008c.sync.1,227" channel="3" transcriber_start="1080.646" transcriber_end="1081.077">
      <nite:child href="TS3008c.D.words.xml#id(TS3008c.D.words751)..id(TS3008c.D.words752)"/>
   </segment>
   <segment nite:id="TS3008c.sync.1,229" channel="3" transcriber_start="1082.413" transcriber_end="1083.353">
      <nite:child href="TS3008c.D.words.xml#id(TS3008c.D.words753)..id(TS3008c.D.words755)"/>
   </segment>
   <segment nite:id="TS3008c.sync.1,231" channel="3" transcriber_start="1088.685" transcriber_end="1089.302">
      <nite:child href="TS3008c.D.words.xml#id(TS3008c.D.words756)..id(TS3008c.D.words759)"/>
   </segment>
   <segment nite:id="TS3008c.sync.1,233" channel="3" transcriber_start="1090.501" transcriber_end="1090.902">
      <nite:child href="TS3008c.D.words.xml#id(TS3008c.D.words760)..id(TS3008c.D.words761)"/>
   </segment>
   <segment nite:id="TS3008c.sync.1,235" channel="3" transcriber_start="1091.844" transcriber_end="1110.598">
      <nite:child href="TS3008c.D.words.xml#id(TS3008c.D.words762)..id(TS3008c.D.words825)"/>
   </segment>
   <segment nite:id="TS3008c.sync.1,237" channel="3" transcriber_start="1117.142" transcriber_end="1118.708">
      <nite:child href="TS3008c.D.words.xml#id(TS3008c.D.words826)..id(TS3008c.D.words831)"/>
   </segment>
   <segment nite:id="TS3008c.sync.1,239" channel="3" transcriber_start="1120.447" transcriber_end="1120.871">
      <nite:child href="TS3008c.D.words.xml#id(TS3008c.D.words832)..id(TS3008c.D.words833)"/>
   </segment>
   <segment nite:id="TS3008c.sync.1,241" channel="3" transcriber_start="1125.057" transcriber_end="1126.198">
      <nite:child href="TS3008c.D.words.xml#id(TS3008c.D.words834)..id(TS3008c.D.words839)"/>
   </segment>
   <segment nite:id="TS3008c.sync.1,243" channel="3" transcriber_start="1127.217" transcriber_end="1132.742">
      <nite:child href="TS3008c.D.words.xml#id(TS3008c.D.words840)..id(TS3008c.D.words861)"/>
   </segment>
   <segment nite:id="TS3008c.sync.1,245" channel="3" transcriber_start="1141.926" transcriber_end="1142.182">
      <nite:child href="TS3008c.D.words.xml#id(TS3008c.D.words862)..id(TS3008c.D.words863)"/>
   </segment>
   <segment nite:id="TS3008c.sync.1,247" channel="3" transcriber_start="1144.106" transcriber_end="1147.872">
      <nite:child href="TS3008c.D.words.xml#id(TS3008c.D.words864)..id(TS3008c.D.words879)"/>
   </segment>
   <segment nite:id="TS3008c.sync.1,249" channel="3" transcriber_start="1151.654" transcriber_end="1152.934">
      <nite:child href="TS3008c.D.words.xml#id(TS3008c.D.words880)..id(TS3008c.D.words884)"/>
   </segment>
   <segment nite:id="TS3008c.sync.1,251" channel="3" transcriber_start="1156.378" transcriber_end="1157.176">
      <nite:child href="TS3008c.D.words.xml#id(TS3008c.D.words885)..id(TS3008c.D.words888)"/>
   </segment>
   <segment nite:id="TS3008c.sync.1,253" channel="3" transcriber_start="1160.198" transcriber_end="1172.55">
      <nite:child href="TS3008c.D.words.xml#id(TS3008c.D.words889)..id(TS3008c.D.words934)"/>
   </segment>
   <segment nite:id="TS3008c.sync.1,255" channel="3" transcriber_start="1175.462" transcriber_end="1179.222">
      <nite:child href="TS3008c.D.words.xml#id(TS3008c.D.words935)..id(TS3008c.D.words948)"/>
   </segment>
   <segment nite:id="TS3008c.sync.1,257" channel="3" transcriber_start="1180.998" transcriber_end="1183.388">
      <nite:child href="TS3008c.D.words.xml#id(TS3008c.D.words949)..id(TS3008c.D.words962)"/>
   </segment>
   <segment nite:id="TS3008c.sync.1,259" channel="3" transcriber_start="1185.174" transcriber_end="1187.702">
      <nite:child href="TS3008c.D.words.xml#id(TS3008c.D.words963)..id(TS3008c.D.words972)"/>
   </segment>
   <segment nite:id="TS3008c.sync.1,261" channel="3" transcriber_start="1188.742" transcriber_end="1192.454">
      <nite:child href="TS3008c.D.words.xml#id(TS3008c.D.words973)..id(TS3008c.D.words982)"/>
   </segment>
   <segment nite:id="TS3008c.sync.1,263" channel="3" transcriber_start="1196.817" transcriber_end="1198.374">
      <nite:child href="TS3008c.D.words.xml#id(TS3008c.D.words983)..id(TS3008c.D.words987)"/>
   </segment>
   <segment nite:id="TS3008c.sync.1,265" channel="3" transcriber_start="1203.433" transcriber_end="1204.374">
      <nite:child href="TS3008c.D.words.xml#id(TS3008c.D.words988)..id(TS3008c.D.words990)"/>
   </segment>
   <segment nite:id="TS3008c.sync.1,267" channel="3" transcriber_start="1217.622" transcriber_end="1222.197">
      <nite:child href="TS3008c.D.words.xml#id(TS3008c.D.words991)..id(TS3008c.D.words1013)"/>
   </segment>
   <segment nite:id="TS3008c.sync.1,269" channel="3" transcriber_start="1226.79" transcriber_end="1230.917">
      <nite:child href="TS3008c.D.words.xml#id(TS3008c.D.words1014)..id(TS3008c.D.words1029)"/>
   </segment>
   <segment nite:id="TS3008c.sync.1,271" channel="3" transcriber_start="1239.606" transcriber_end="1250.218">
      <nite:child href="TS3008c.D.words.xml#id(TS3008c.D.words1030)..id(TS3008c.D.words1069)"/>
   </segment>
   <segment nite:id="TS3008c.sync.1,273" channel="3" transcriber_start="1257.238" transcriber_end="1258.301">
      <nite:child href="TS3008c.D.words.xml#id(TS3008c.D.words1070)..id(TS3008c.D.words1075)"/>
   </segment>
   <segment nite:id="TS3008c.sync.1,275" channel="3" transcriber_start="1267.67" transcriber_end="1269.042">
      <nite:child href="TS3008c.D.words.xml#id(TS3008c.D.words1076)..id(TS3008c.D.words1080)"/>
   </segment>
   <segment nite:id="TS3008c.sync.1,277" channel="3" transcriber_start="1273.762" transcriber_end="1278.418">
      <nite:child href="TS3008c.D.words.xml#id(TS3008c.D.words1081)..id(TS3008c.D.words1097)"/>
   </segment>
   <segment nite:id="TS3008c.sync.1,279" channel="3" transcriber_start="1282.824" transcriber_end="1293.842">
      <nite:child href="TS3008c.D.words.xml#id(TS3008c.D.words1098)..id(TS3008c.D.words1140)"/>
   </segment>
   <segment nite:id="TS3008c.sync.1,281" channel="3" transcriber_start="1295.713" transcriber_end="1309.188">
      <nite:child href="TS3008c.D.words.xml#id(TS3008c.D.words1141)..id(TS3008c.D.words1183)"/>
   </segment>
   <segment nite:id="TS3008c.sync.1,283" channel="3" transcriber_start="1311.109" transcriber_end="1313.718">
      <nite:child href="TS3008c.D.words.xml#id(TS3008c.D.words1184)"/>
   </segment>
   <segment nite:id="TS3008c.sync.1,285" channel="3" transcriber_start="1328.022" transcriber_end="1328.319">
      <nite:child href="TS3008c.D.words.xml#id(TS3008c.D.words1185)..id(TS3008c.D.words1186)"/>
   </segment>
   <segment nite:id="TS3008c.sync.1,287" channel="3" transcriber_start="1335.793" transcriber_end="1342.313">
      <nite:child href="TS3008c.D.words.xml#id(TS3008c.D.words1187)..id(TS3008c.D.words1209)"/>
   </segment>
   <segment nite:id="TS3008c.sync.1,289" channel="3" transcriber_start="1346.44" transcriber_end="1349.303">
      <nite:child href="TS3008c.D.words.xml#id(TS3008c.D.words1210)..id(TS3008c.D.words1220)"/>
   </segment>
   <segment nite:id="TS3008c.sync.1,291" channel="3" transcriber_start="1359.574" transcriber_end="1362.342">
      <nite:child href="TS3008c.D.words.xml#id(TS3008c.D.words1221)..id(TS3008c.D.words1225)"/>
   </segment>
   <segment nite:id="TS3008c.sync.1,293" channel="3" transcriber_start="1367.622" transcriber_end="1371.158">
      <nite:child href="TS3008c.D.words.xml#id(TS3008c.D.words1226)..id(TS3008c.D.words1229)"/>
   </segment>
   <segment nite:id="TS3008c.sync.1,295" channel="3" transcriber_start="1372.295" transcriber_end="1372.817">
      <nite:child href="TS3008c.D.words.xml#id(TS3008c.D.words1230)"/>
   </segment>
   <segment nite:id="TS3008c.sync.1,297" channel="3" transcriber_start="1390.037" transcriber_end="1391.084">
      <nite:child href="TS3008c.D.words.xml#id(TS3008c.D.words1231)..id(TS3008c.D.words1235)"/>
   </segment>
   <segment nite:id="TS3008c.sync.1,299" channel="3" transcriber_start="1413.979" transcriber_end="1414.836">
      <nite:child href="TS3008c.D.words.xml#id(TS3008c.D.words1236)..id(TS3008c.D.words1237)"/>
   </segment>
   <segment nite:id="TS3008c.sync.1,301" channel="3" transcriber_start="1432.468" transcriber_end="1434.522">
      <nite:child href="TS3008c.D.words.xml#id(TS3008c.D.words1238)..id(TS3008c.D.words1248)"/>
   </segment>
   <segment nite:id="TS3008c.sync.1,303" channel="3" transcriber_start="1467.425" transcriber_end="1468.639">
      <nite:child href="TS3008c.D.words.xml#id(TS3008c.D.words1249)..id(TS3008c.D.words1252)"/>
   </segment>
   <segment nite:id="TS3008c.sync.1,305" channel="3" transcriber_start="1469.943" transcriber_end="1492.79">
      <nite:child href="TS3008c.D.words.xml#id(TS3008c.D.words1253)..id(TS3008c.D.words1336)"/>
   </segment>
   <segment nite:id="TS3008c.sync.1,307" channel="3" transcriber_start="1505.894" transcriber_end="1512.262">
      <nite:child href="TS3008c.D.words.xml#id(TS3008c.D.words1337)..id(TS3008c.D.words1356)"/>
   </segment>
   <segment nite:id="TS3008c.sync.1,309" channel="3" transcriber_start="1516.71" transcriber_end="1518.913">
      <nite:child href="TS3008c.D.words.xml#id(TS3008c.D.words1357)..id(TS3008c.D.words1365)"/>
   </segment>
   <segment nite:id="TS3008c.sync.1,311" channel="3" transcriber_start="1519.911" transcriber_end="1528.469">
      <nite:child href="TS3008c.D.words.xml#id(TS3008c.D.words1366)..id(TS3008c.D.words1389)"/>
   </segment>
   <segment nite:id="TS3008c.sync.1,313" channel="3" transcriber_start="1541.009" transcriber_end="1541.774">
      <nite:child href="TS3008c.D.words.xml#id(TS3008c.D.words1390)"/>
   </segment>
   <segment nite:id="TS3008c.sync.1,315" channel="3" transcriber_start="1554.596" transcriber_end="1555.118">
      <nite:child href="TS3008c.D.words.xml#id(TS3008c.D.words1391)..id(TS3008c.D.words1392)"/>
   </segment>
   <segment nite:id="TS3008c.sync.1,317" channel="3" transcriber_start="1561.807" transcriber_end="1565.126">
      <nite:child href="TS3008c.D.words.xml#id(TS3008c.D.words1393)..id(TS3008c.D.words1407)"/>
   </segment>
   <segment nite:id="TS3008c.sync.1,319" channel="3" transcriber_start="1598.665" transcriber_end="1600.021">
      <nite:child href="TS3008c.D.words.xml#id(TS3008c.D.words1408)..id(TS3008c.D.words1412)"/>
   </segment>
   <segment nite:id="TS3008c.sync.1,321" channel="3" transcriber_start="1608.16" transcriber_end="1608.98">
      <nite:child href="TS3008c.D.words.xml#id(TS3008c.D.words1413)"/>
   </segment>
   <segment nite:id="TS3008c.sync.1,323" channel="3" transcriber_start="1614.757" transcriber_end="1617.91">
      <nite:child href="TS3008c.D.words.xml#id(TS3008c.D.words1414)..id(TS3008c.D.words1427)"/>
   </segment>
   <segment nite:id="TS3008c.sync.1,325" channel="3" transcriber_start="1620.559" transcriber_end="1622.879">
      <nite:child href="TS3008c.D.words.xml#id(TS3008c.D.words1428)..id(TS3008c.D.words1437)"/>
   </segment>
   <segment nite:id="TS3008c.sync.1,327" channel="3" transcriber_start="1639.11" transcriber_end="1640.758">
      <nite:child href="TS3008c.D.words.xml#id(TS3008c.D.words1438)..id(TS3008c.D.words1447)"/>
   </segment>
   <segment nite:id="TS3008c.sync.1,329" channel="3" transcriber_start="1645.094" transcriber_end="1646.534">
      <nite:child href="TS3008c.D.words.xml#id(TS3008c.D.words1448)..id(TS3008c.D.words1450)"/>
   </segment>
   <segment nite:id="TS3008c.sync.1,331" channel="3" transcriber_start="1648.086" transcriber_end="1649.053">
      <nite:child href="TS3008c.D.words.xml#id(TS3008c.D.words1451)..id(TS3008c.D.words1453)"/>
   </segment>
   <segment nite:id="TS3008c.sync.1,333" channel="3" transcriber_start="1652.23" transcriber_end="1653.415">
      <nite:child href="TS3008c.D.words.xml#id(TS3008c.D.words1454)..id(TS3008c.D.words1456)"/>
   </segment>
   <segment nite:id="TS3008c.sync.1,335" channel="3" transcriber_start="1654.902" transcriber_end="1655.862">
      <nite:child href="TS3008c.D.words.xml#id(TS3008c.D.words1457)"/>
   </segment>
   <segment nite:id="TS3008c.sync.1,337" channel="3" transcriber_start="1658.166" transcriber_end="1659.536">
      <nite:child href="TS3008c.D.words.xml#id(TS3008c.D.words1458)..id(TS3008c.D.words1466)"/>
   </segment>
   <segment nite:id="TS3008c.sync.1,339" channel="3" transcriber_start="1670.452" transcriber_end="1673.725">
      <nite:child href="TS3008c.D.words.xml#id(TS3008c.D.words1467)..id(TS3008c.D.words1477)"/>
   </segment>
   <segment nite:id="TS3008c.sync.1,341" channel="3" transcriber_start="1682.77" transcriber_end="1683.943">
      <nite:child href="TS3008c.D.words.xml#id(TS3008c.D.words1478)..id(TS3008c.D.words1482)"/>
   </segment>
   <segment nite:id="TS3008c.sync.1,343" channel="3" transcriber_start="1684.79" transcriber_end="1688.102">
      <nite:child href="TS3008c.D.words.xml#id(TS3008c.D.words1483)..id(TS3008c.D.words1498)"/>
   </segment>
   <segment nite:id="TS3008c.sync.1,345" channel="3" transcriber_start="1688.98" transcriber_end="1690.246">
      <nite:child href="TS3008c.D.words.xml#id(TS3008c.D.words1499)"/>
   </segment>
   <segment nite:id="TS3008c.sync.1,347" channel="3" transcriber_start="1703.642" transcriber_end="1703.983">
      <nite:child href="TS3008c.D.words.xml#id(TS3008c.D.words1500)..id(TS3008c.D.words1501)"/>
   </segment>
   <segment nite:id="TS3008c.sync.1,349" channel="3" transcriber_start="1710.811" transcriber_end="1711.631">
      <nite:child href="TS3008c.D.words.xml#id(TS3008c.D.words1502)..id(TS3008c.D.words1503)"/>
   </segment>
   <segment nite:id="TS3008c.sync.1,351" channel="3" transcriber_start="1717.426" transcriber_end="1720.195">
      <nite:child href="TS3008c.D.words.xml#id(TS3008c.D.words1504)..id(TS3008c.D.words1517)"/>
   </segment>
   <segment nite:id="TS3008c.sync.1,353" channel="3" transcriber_start="1731.557" transcriber_end="1734.342">
      <nite:child href="TS3008c.D.words.xml#id(TS3008c.D.words1518)..id(TS3008c.D.words1527)"/>
   </segment>
   <segment nite:id="TS3008c.sync.1,355" channel="3" transcriber_start="1741.958" transcriber_end="1744.81">
      <nite:child href="TS3008c.D.words.xml#id(TS3008c.D.words1528)..id(TS3008c.D.words1530)"/>
   </segment>
   <segment nite:id="TS3008c.sync.1,357" channel="3" transcriber_start="1745.686" transcriber_end="1746.022">
      <nite:child href="TS3008c.D.words.xml#id(TS3008c.D.words1531)..id(TS3008c.D.words1532)"/>
   </segment>
   <segment nite:id="TS3008c.sync.1,359" channel="3" transcriber_start="1749.16" transcriber_end="1750.55">
      <nite:child href="TS3008c.D.words.xml#id(TS3008c.D.words1533)..id(TS3008c.D.words1539)"/>
   </segment>
   <segment nite:id="TS3008c.sync.1,361" channel="3" transcriber_start="1751.708" transcriber_end="1764.038">
      <nite:child href="TS3008c.D.words.xml#id(TS3008c.D.words1540)..id(TS3008c.D.words1577)"/>
   </segment>
   <segment nite:id="TS3008c.sync.1,363" channel="3" transcriber_start="1782.145" transcriber_end="1785.122">
      <nite:child href="TS3008c.D.words.xml#id(TS3008c.D.words1578)..id(TS3008c.D.words1585)"/>
   </segment>
   <segment nite:id="TS3008c.sync.1,365" channel="3" transcriber_start="1788.016" transcriber_end="1789.264">
      <nite:child href="TS3008c.D.words.xml#id(TS3008c.D.words1586)..id(TS3008c.D.words1590)"/>
   </segment>
   <segment nite:id="TS3008c.sync.1,367" channel="3" transcriber_start="1795.752" transcriber_end="1799.436">
      <nite:child href="TS3008c.D.words.xml#id(TS3008c.D.words1591)..id(TS3008c.D.words1602)"/>
   </segment>
   <segment nite:id="TS3008c.sync.1,369" channel="3" transcriber_start="1800.144" transcriber_end="1801.507">
      <nite:child href="TS3008c.D.words.xml#id(TS3008c.D.words1603)..id(TS3008c.D.words1607)"/>
   </segment>
   <segment nite:id="TS3008c.sync.1,371" channel="3" transcriber_start="1833.75" transcriber_end="1834.134">
      <nite:child href="TS3008c.D.words.xml#id(TS3008c.D.words1608)..id(TS3008c.D.words1609)"/>
   </segment>
   <segment nite:id="TS3008c.sync.1,373" channel="3" transcriber_start="1850.406" transcriber_end="1851.702">
      <nite:child href="TS3008c.D.words.xml#id(TS3008c.D.words1610)"/>
   </segment>
   <segment nite:id="TS3008c.sync.1,375" channel="3" transcriber_start="1852.762" transcriber_end="1853.67">
      <nite:child href="TS3008c.D.words.xml#id(TS3008c.D.words1611)..id(TS3008c.D.words1615)"/>
   </segment>
   <segment nite:id="TS3008c.sync.1,377" channel="3" transcriber_start="1865.501" transcriber_end="1867.114">
      <nite:child href="TS3008c.D.words.xml#id(TS3008c.D.words1616)..id(TS3008c.D.words1625)"/>
   </segment>
   <segment nite:id="TS3008c.sync.1,379" channel="3" transcriber_start="1875.96" transcriber_end="1876.45">
      <nite:child href="TS3008c.D.words.xml#id(TS3008c.D.words1626)..id(TS3008c.D.words1628)"/>
   </segment>
   <segment nite:id="TS3008c.sync.1,381" channel="3" transcriber_start="1877.702" transcriber_end="1882.109">
      <nite:child href="TS3008c.D.words.xml#id(TS3008c.D.words1629)..id(TS3008c.D.words1645)"/>
   </segment>
   <segment nite:id="TS3008c.sync.1,383" channel="3" transcriber_start="1887.659" transcriber_end="1888.955">
      <nite:child href="TS3008c.D.words.xml#id(TS3008c.D.words1646)..id(TS3008c.D.words1653)"/>
   </segment>
   <segment nite:id="TS3008c.sync.1,385" channel="3" transcriber_start="1907.491" transcriber_end="1908.29">
      <nite:child href="TS3008c.D.words.xml#id(TS3008c.D.words1654)..id(TS3008c.D.words1657)"/>
   </segment>
   <segment nite:id="TS3008c.sync.1,387" channel="3" transcriber_start="1920.599" transcriber_end="1921.056">
      <nite:child href="TS3008c.D.words.xml#id(TS3008c.D.words1658)..id(TS3008c.D.words1659)"/>
   </segment>
   <segment nite:id="TS3008c.sync.1,389" channel="3" transcriber_start="1926.789" transcriber_end="1928.12">
      <nite:child href="TS3008c.D.words.xml#id(TS3008c.D.words1660)..id(TS3008c.D.words1667)"/>
   </segment>
   <segment nite:id="TS3008c.sync.1,391" channel="3" transcriber_start="1929.213" transcriber_end="1930.477">
      <nite:child href="TS3008c.D.words.xml#id(TS3008c.D.words1668)..id(TS3008c.D.words1672)"/>
   </segment>
   <segment nite:id="TS3008c.sync.1,393" channel="3" transcriber_start="1931.374" transcriber_end="1932.422">
      <nite:child href="TS3008c.D.words.xml#id(TS3008c.D.words1673)..id(TS3008c.D.words1678)"/>
   </segment>
   <segment nite:id="TS3008c.sync.1,395" channel="3" transcriber_start="1934.337" transcriber_end="1943.808">
      <nite:child href="TS3008c.D.words.xml#id(TS3008c.D.words1679)..id(TS3008c.D.words1709)"/>
   </segment>
   <segment nite:id="TS3008c.sync.1,397" channel="3" transcriber_start="1946.598" transcriber_end="1953.318">
      <nite:child href="TS3008c.D.words.xml#id(TS3008c.D.words1710)..id(TS3008c.D.words1736)"/>
   </segment>
   <segment nite:id="TS3008c.sync.1,399" channel="3" transcriber_start="1954.441" transcriber_end="1955.168">
      <nite:child href="TS3008c.D.words.xml#id(TS3008c.D.words1737)..id(TS3008c.D.words1738)"/>
   </segment>
   <segment nite:id="TS3008c.sync.1,401" channel="3" transcriber_start="1961.672" transcriber_end="1962.196">
      <nite:child href="TS3008c.D.words.xml#id(TS3008c.D.words1739)..id(TS3008c.D.words1740)"/>
   </segment>
   <segment nite:id="TS3008c.sync.1,403" channel="3" transcriber_start="1972.357" transcriber_end="1972.848">
      <nite:child href="TS3008c.D.words.xml#id(TS3008c.D.words1741)..id(TS3008c.D.words1742)"/>
   </segment>
   <segment nite:id="TS3008c.sync.1,405" channel="3" transcriber_start="1980.726" transcriber_end="1981.14">
      <nite:child href="TS3008c.D.words.xml#id(TS3008c.D.words1743)..id(TS3008c.D.words1744)"/>
   </segment>
   <segment nite:id="TS3008c.sync.1,407" channel="3" transcriber_start="1982.299" transcriber_end="1982.825">
      <nite:child href="TS3008c.D.words.xml#id(TS3008c.D.words1745)"/>
   </segment>
   <segment nite:id="TS3008c.sync.1,409" channel="3" transcriber_start="2006.49" transcriber_end="2006.822">
      <nite:child href="TS3008c.D.words.xml#id(TS3008c.D.words1746)..id(TS3008c.D.words1747)"/>
   </segment>
   <segment nite:id="TS3008c.sync.1,411" channel="3" transcriber_start="2031.414" transcriber_end="2032.838">
      <nite:child href="TS3008c.D.words.xml#id(TS3008c.D.words1748)..id(TS3008c.D.words1752)"/>
   </segment>
   <segment nite:id="TS3008c.sync.1,413" channel="3" transcriber_start="2044.803" transcriber_end="2045.252">
      <nite:child href="TS3008c.D.words.xml#id(TS3008c.D.words1753)..id(TS3008c.D.words1754)"/>
   </segment>
   <segment nite:id="TS3008c.sync.1,415" channel="3" transcriber_start="2046.926" transcriber_end="2048.622">
      <nite:child href="TS3008c.D.words.xml#id(TS3008c.D.words1755)..id(TS3008c.D.words1761)"/>
   </segment>
   <segment nite:id="TS3008c.sync.1,417" channel="3" transcriber_start="2076.16" transcriber_end="2079.503">
      <nite:child href="TS3008c.D.words.xml#id(TS3008c.D.words1762)..id(TS3008c.D.words1776)"/>
   </segment>
   <segment nite:id="TS3008c.sync.1,419" channel="3" transcriber_start="2083.27" transcriber_end="2083.542">
      <nite:child href="TS3008c.D.words.xml#id(TS3008c.D.words1777)..id(TS3008c.D.words1778)"/>
   </segment>
   <segment nite:id="TS3008c.sync.1,421" channel="3" transcriber_start="2090.982" transcriber_end="2092.085">
      <nite:child href="TS3008c.D.words.xml#id(TS3008c.D.words1779)..id(TS3008c.D.words1784)"/>
   </segment>
   <segment nite:id="TS3008c.sync.1,423" channel="3" transcriber_start="2100.143" transcriber_end="2100.502">
      <nite:child href="TS3008c.D.words.xml#id(TS3008c.D.words1785)..id(TS3008c.D.words1786)"/>
   </segment>
   <segment nite:id="TS3008c.sync.1,425" channel="3" transcriber_start="2111.075" transcriber_end="2112.375">
      <nite:child href="TS3008c.D.words.xml#id(TS3008c.D.words1787)..id(TS3008c.D.words1791)"/>
   </segment>
   <segment nite:id="TS3008c.sync.1,427" channel="3" transcriber_start="2113.42" transcriber_end="2114.518">
      <nite:child href="TS3008c.D.words.xml#id(TS3008c.D.words1792)..id(TS3008c.D.words1795)"/>
   </segment>
   <segment nite:id="TS3008c.sync.1,429" channel="3" transcriber_start="2129.423" transcriber_end="2131.377">
      <nite:child href="TS3008c.D.words.xml#id(TS3008c.D.words1796)..id(TS3008c.D.words1803)"/>
   </segment>
   <segment nite:id="TS3008c.sync.1,431" channel="3" transcriber_start="2143.198" transcriber_end="2146.534">
      <nite:child href="TS3008c.D.words.xml#id(TS3008c.D.words1804)..id(TS3008c.D.words1819)"/>
   </segment>
   <segment nite:id="TS3008c.sync.1,433" channel="3" transcriber_start="2156.349" transcriber_end="2158.561">
      <nite:child href="TS3008c.D.words.xml#id(TS3008c.D.words1820)..id(TS3008c.D.words1829)"/>
   </segment>
   <segment nite:id="TS3008c.sync.1,435" channel="3" transcriber_start="2160.634" transcriber_end="2166.138">
      <nite:child href="TS3008c.D.words.xml#id(TS3008c.D.words1830)..id(TS3008c.D.words1855)"/>
   </segment>
   <segment nite:id="TS3008c.sync.1,437" channel="3" transcriber_start="2167.778" transcriber_end="2168.252">
      <nite:child href="TS3008c.D.words.xml#id(TS3008c.D.words1856)..id(TS3008c.D.words1857)"/>
   </segment>
   <segment nite:id="TS3008c.sync.1,439" channel="3" transcriber_start="2170.506" transcriber_end="2174.202">
      <nite:child href="TS3008c.D.words.xml#id(TS3008c.D.words1858)..id(TS3008c.D.words1873)"/>
   </segment>
   <segment nite:id="TS3008c.sync.1,441" channel="3" transcriber_start="2176.404" transcriber_end="2177.318">
      <nite:child href="TS3008c.D.words.xml#id(TS3008c.D.words1874)..id(TS3008c.D.words1877)"/>
   </segment>
   <segment nite:id="TS3008c.sync.1,443" channel="3" transcriber_start="2182.908" transcriber_end="2185.744">
      <nite:child href="TS3008c.D.words.xml#id(TS3008c.D.words1878)..id(TS3008c.D.words1886)"/>
   </segment>
   <segment nite:id="TS3008c.sync.1,445" channel="3" transcriber_start="2186.545" transcriber_end="2187.277">
      <nite:child href="TS3008c.D.words.xml#id(TS3008c.D.words1887)..id(TS3008c.D.words1889)"/>
   </segment>
   <segment nite:id="TS3008c.sync.1,447" channel="3" transcriber_start="2188.758" transcriber_end="2189.106">
      <nite:child href="TS3008c.D.words.xml#id(TS3008c.D.words1890)..id(TS3008c.D.words1891)"/>
   </segment>
   <segment nite:id="TS3008c.sync.1,449" channel="3" transcriber_start="2189.975" transcriber_end="2191.578">
      <nite:child href="TS3008c.D.words.xml#id(TS3008c.D.words1892)..id(TS3008c.D.words1895)"/>
   </segment>
   <segment nite:id="TS3008c.sync.1,451" channel="3" transcriber_start="2201.062" transcriber_end="2205.861">
      <nite:child href="TS3008c.D.words.xml#id(TS3008c.D.words1896)..id(TS3008c.D.words1911)"/>
   </segment>
   <segment nite:id="TS3008c.sync.1,453" channel="3" transcriber_start="2211.526" transcriber_end="2213.432">
      <nite:child href="TS3008c.D.words.xml#id(TS3008c.D.words1912)..id(TS3008c.D.words1919)"/>
   </segment>
   <segment nite:id="TS3008c.sync.1,455" channel="3" transcriber_start="2220.927" transcriber_end="2226.405">
      <nite:child href="TS3008c.D.words.xml#id(TS3008c.D.words1920)..id(TS3008c.D.words1934)"/>
   </segment>
   <segment nite:id="TS3008c.sync.1,457" channel="3" transcriber_start="2234.727" transcriber_end="2235.847">
      <nite:child href="TS3008c.D.words.xml#id(TS3008c.D.words1935)..id(TS3008c.D.words1938)"/>
   </segment>
   <segment nite:id="TS3008c.sync.1,459" channel="3" transcriber_start="2246.169" transcriber_end="2246.601">
      <nite:child href="TS3008c.D.words.xml#id(TS3008c.D.words1939)..id(TS3008c.D.words1940)"/>
   </segment>
   <segment nite:id="TS3008c.sync.1,461" channel="3" transcriber_start="2248.819" transcriber_end="2249.343">
      <nite:child href="TS3008c.D.words.xml#id(TS3008c.D.words1941)..id(TS3008c.D.words1942)"/>
   </segment>
   <segment nite:id="TS3008c.sync.1,463" channel="3" transcriber_start="2251.014" transcriber_end="2251.67">
      <nite:child href="TS3008c.D.words.xml#id(TS3008c.D.words1943)..id(TS3008c.D.words1946)"/>
   </segment>
   <segment nite:id="TS3008c.sync.1,465" channel="3" transcriber_start="2258.019" transcriber_end="2258.486">
      <nite:child href="TS3008c.D.words.xml#id(TS3008c.D.words1947)..id(TS3008c.D.words1948)"/>
   </segment>
   <segment nite:id="TS3008c.sync.1,467" channel="3" transcriber_start="2265.477" transcriber_end="2266.175">
      <nite:child href="TS3008c.D.words.xml#id(TS3008c.D.words1949)..id(TS3008c.D.words1951)"/>
   </segment>
   <segment nite:id="TS3008c.sync.1,469" channel="3" transcriber_start="2268.581" transcriber_end="2269.08">
      <nite:child href="TS3008c.D.words.xml#id(TS3008c.D.words1952)..id(TS3008c.D.words1953)"/>
   </segment>
   <segment nite:id="TS3008c.sync.1,471" channel="3" transcriber_start="2272.847" transcriber_end="2273.762">
      <nite:child href="TS3008c.D.words.xml#id(TS3008c.D.words1954)..id(TS3008c.D.words1957)"/>
   </segment>
   <segment nite:id="TS3008c.sync.1,473" channel="3" transcriber_start="2276.899" transcriber_end="2277.797">
      <nite:child href="TS3008c.D.words.xml#id(TS3008c.D.words1958)..id(TS3008c.D.words1961)"/>
   </segment>
   <segment nite:id="TS3008c.sync.1,475" channel="3" transcriber_start="2279.029" transcriber_end="2279.703">
      <nite:child href="TS3008c.D.words.xml#id(TS3008c.D.words1962)..id(TS3008c.D.words1966)"/>
   </segment>
   <segment nite:id="TS3008c.sync.1,477" channel="3" transcriber_start="2281.158" transcriber_end="2281.478">
      <nite:child href="TS3008c.D.words.xml#id(TS3008c.D.words1967)..id(TS3008c.D.words1968)"/>
   </segment>
   <segment nite:id="TS3008c.sync.1,479" channel="3" transcriber_start="2287.763" transcriber_end="2288.956">
      <nite:child href="TS3008c.D.words.xml#id(TS3008c.D.words1969)..id(TS3008c.D.words1973)"/>
   </segment>
   <segment nite:id="TS3008c.sync.1,481" channel="3" transcriber_start="2297.449" transcriber_end="2298.938">
      <nite:child href="TS3008c.D.words.xml#id(TS3008c.D.words1974)..id(TS3008c.D.words1982)"/>
   </segment>
   <segment nite:id="TS3008c.sync.1,483" channel="3" transcriber_start="2299.718" transcriber_end="2300.87">
      <nite:child href="TS3008c.D.words.xml#id(TS3008c.D.words1983)..id(TS3008c.D.words1992)"/>
   </segment>
   <segment nite:id="TS3008c.sync.1,485" channel="3" transcriber_start="2311.442" transcriber_end="2314.246">
      <nite:child href="TS3008c.D.words.xml#id(TS3008c.D.words1993)..id(TS3008c.D.words1998)"/>
   </segment>
   <segment nite:id="TS3008c.sync.1,487" channel="3" transcriber_start="2316.213" transcriber_end="2317.878">
      <nite:child href="TS3008c.D.words.xml#id(TS3008c.D.words1999)"/>
   </segment>
   <segment nite:id="TS3008c.sync.1,489" channel="3" transcriber_start="2319.919" transcriber_end="2322.598">
      <nite:child href="TS3008c.D.words.xml#id(TS3008c.D.words2000)..id(TS3008c.D.words2010)"/>
   </segment>
   <segment nite:id="TS3008c.sync.1,491" channel="3" transcriber_start="2324.134" transcriber_end="2324.658">
      <nite:child href="TS3008c.D.words.xml#id(TS3008c.D.words2011)..id(TS3008c.D.words2012)"/>
   </segment>
   <segment nite:id="TS3008c.sync.1,493" channel="3" transcriber_start="2325.431" transcriber_end="2326.687">
      <nite:child href="TS3008c.D.words.xml#id(TS3008c.D.words2013)..id(TS3008c.D.words2015)"/>
   </segment>
   <segment nite:id="TS3008c.sync.1,495" channel="3" transcriber_start="2327.894" transcriber_end="2329.094">
      <nite:child href="TS3008c.D.words.xml#id(TS3008c.D.words2016)..id(TS3008c.D.words2019)"/>
   </segment>
</nite:root>